<?xml version="1.0" encoding="UTF-8"?>
<project-private xmlns="http://www.netbeans.org/ns/project-private/1">
    <editor-bookmarks xmlns="http://www.netbeans.org/ns/editor-bookmarks/2" lastBookmarkId="0"/>
    <open-files xmlns="http://www.netbeans.org/ns/projectui-open-files/2">
        <group>
            <file>file:/C:/Users/User/Desktop/Tourbot/studentEnrolmentSystem/src/studentenrolmentsystem/EntryDataController.java</file>
            <file>file:/C:/Users/User/Desktop/Tourbot/studentEnrolmentSystem/src/studentenrolmentsystem/BrowsDataController.java</file>
            <file>file:/C:/Users/User/Desktop/Tourbot/studentEnrolmentSystem/src/studentenrolmentsystem/StudentEnrolmentSystem.java</file>
            <file>file:/C:/Users/User/Desktop/Tourbot/studentEnrolmentSystem/src/studentenrolmentsystem/Student.java</file>
            <file>file:/C:/Users/User/Desktop/Tourbot/studentEnrolmentSystem/src/studentenrolmentsystem/TakenCourse.java</file>
            <file>file:/C:/Users/User/Desktop/Tourbot/studentEnrolmentSystem/src/studentenrolmentsystem/Semester.java</file>
            <file>file:/C:/Users/User/Desktop/Tourbot/studentEnrolmentSystem/src/studentenrolmentsystem/browsData.fxml</file>
            <file>file:/C:/Users/User/Desktop/Tourbot/studentEnrolmentSystem/src/studentenrolmentsystem/Result.java</file>
            <file>file:/C:/Users/User/Desktop/Tourbot/studentEnrolmentSystem/src/studentenrolmentsystem/FXMLDocumentController.java</file>
            <file>file:/C:/Users/User/Desktop/Tourbot/studentEnrolmentSystem/src/studentenrolmentsystem/Course.java</file>
        </group>
    </open-files>
</project-private>
